station_train_code,train_no
D1001,24000D100108
D1002,33000D100205
D1003,24000D100306
D1004,33000D100402
D1005,24000D100504
D1006,33000D100608
D1007,24000D10070A
D1008,33000D100804
D1009,24000D100905
D1011,24000D10110A
D1012,33000D101205
D1013,24000D101303
D1014,33000D101404
D1015,24000D101504
D1016,33000D101608
D1017,24000D101704
D1018,33000D101804
D1019,24000D10190A
D1021,24000D102104
D1022,33000D102203
D1027,24000D102701
D1028,33000D102802
D1071,24000D107103
D1072,33000D107205
D1073,24000D107306
D1074,33000D107405
D1075,24000D107504
D1076,33000D107604
D1077,24000D107700
D1078,33000D107800
D1091,24000D109102
D1092,36000D109204
D11,2400000D1130
D112,040000D1120M
D114,1c0000D1140I
D116,0h0000D11608
D118,1c0000D11808
D119,110000D11904
D1101,24000D110104
D1102,28000D110202
D1103,24000D110305
D1104,28000D110404
D1105,24000D110505
D1106,28000D110601
D1107,24000D110703
D1108,28000D110802
D1109,24000D110904
D1110,28000D111011
D1111,24000D111103
D1112,28000D111202
D1113,24000D111303
D1114,28000D111403
D1115,24000D111505
D1116,28000D111602
D1117,24000D111703
D1118,28000D111810
D1119,24000D111902
D1120,28000D112012
D1121,24000D112104
D1122,28000D112203
D1123,24000D112310
D1124,28000D112410
D12,1200000D120Q
D120,030000D12006
D121,110000D12107
D122,020000D12204
D124,0h0000D12404
D126,180000D12603
D128,040000D12805
D13,2400000D1340
D130,180000D13008
D132,020000D13210
D134,1c0000D13400
D135,180000D13510
D136,030000D13620
D14,1200000D140F
D15,2400000D1520
D151,180000D15103
D152,040000D15202
D16,1200000D1630
D162,020000D16200
D164,160000D16400
D166,030000D16600
D168,160000D16800
D1601,26000D16010A
D1602,4p000D16020H
D1603,26000D16030L
D1604,4p000D160404
D1605,26000D16050I
D1606,4p000D160603
D1607,26000D16070G
D1608,4p000D16080G
D1611,26000D16110E
D1612,49000D161205
D1615,26000D16150H
D1616,49000D16160D
D1621,26000D16210F
D1622,49000D16220B
D1623,26000D16230F
D1624,49000D162409
D1625,26000D16250D
D1626,49000D16260A
D1632,49000D163203
D1634,27000D16340A
D1636,49000D16360D
D1638,27000D16381F
D1640,49000D164004
D1642,27000D164224
D1644,4p000D164409
D1646,27000D164609
D1648,49000D164808
D1650,27000D165007
D1652,49000D165203
D1654,27000D165403
D1661,26000D166105
D1662,5f000D166210
D1664,5f000D166402
D1666,27000D166601
D1668,55000D166810
D1670,27000D167002
D1671,49000D167410
D1672,8d000D167202
D1676,4f000D167604
D1678,49000D167801
D1683,65000D168306
D1685,57000D168500
D1687,65000D168701
D1689,57000D168901
D1691,65000D169101
D1693,57000D169303
D1697,57000D169706
D1698,65000D169501
D17,2400000D1710
D1701,4f000D17010D
D1702,78000D170209
D1705,4f000D170510
D1706,78000D170608
D1711,27000D171100
D1713,77000D171300
D1717,27000D171700
D1718,78000D171800
D1751,76000D175103
D1752,6c000D175202
D1753,76000D175305
D1754,6c000D175406
D1761,76000D176107
D1762,6y000D176204
D1763,76000D176308
D1764,6c000D176406
D1765,76000D176502
D1766,6c000D176603
D1779,76000D177920
D1780,71000D178000
D1781,76000D17810D
D1782,71000D17820D
D1785,76000D17850D
D1786,71000D17860A
D1791,76000D179106
D1793,77000D179308
D1794,71000D17940B
D1796,71000D179608
D1797,77000D179706
D1798,73000D179809
D1801,76000D180105
D1806,6c000D18060F
D1810,6c000D18100B
D1812,76000D18120J
D1818,6c000D18180J
D1820,76000D182006
D1821,76000D182106
D1822,6c000D18220E
D1825,76000D18250D
D1826,6c000D18260A
D1833,77000D183301
D1834,6c000D183409
D1841,77000D184101
D1842,6e000D184209
D1851,76000D18510C
D1852,6c000D185202
D1855,76000D185504
D1856,6c000D185602
D1859,76000D185904
D1860,6c000D186001
D1861,77000D186107
D1862,6c000D18620B
D1864,6c000D18640A
D1865,77000D186510
D1867,77000D18670C
D1868,6c000D186807
D1869,77000D186908
D1870,6c000D187009
D1871,77000D18710C
D1872,6c000D18720P
D1874,6c000D18740G
D1875,77000D187509
D1877,77000D187706
D1878,6c000D18780G
D1881,77000D18810C
D1882,6c000D18820D
D1901,27000D190108
D1902,76000D190209
D1903,27000D190308
D1904,76000D19040F
D1905,27000D190509
D1906,76000D19060A
D1907,27000D190700
D1908,76000D190800
D1911,4f000D19110J
D1912,76000D19120D
D1913,4f000D19130B
D1914,76000D19140C
D1915,4f000D19150A
D1917,4f000D191708
D1919,4f000D191909
D1920,76000D19200L
D1921,4f000D19210D
D1923,4f000D19230C
D1924,76000D192408
D1925,4f000D19250F
D1926,76000D192609
D1927,4f000D19270D
D1928,76000D19280E
D1930,76000D193007
D1931,4f000D19310G
D1932,76000D193208
D1933,4f000D19330K
D1934,76000D193405
D1935,4f000D193509
D1936,76000D193609
D1937,4f000D193708
D1938,76000D19380F
D1939,4f000D19390C
D1942,76000D194207
D1944,76000D19440A
D1946,76000D194608
D1947,4f000D19470D
D1948,76000D194809
D1949,4f000D19490F
D1950,76000D19500F
D1951,4f000D19510C
D1952,76000D195207
D1953,4f000D195301
D1954,76000D195401
D1957,87000D195700
D1958,76000D195800
D1959,4f000D195900
D1960,76000D196000
D1963,87000D196300
D1964,76000D196400
D1965,77000D196506
D1966,76000D196600
D1967,4f000D196710
D1970,78000D197000
D1971,4f000D197120
D1972,76000D197200
D1973,4f000D197300
D1975,4f000D197510
D1976,76000D197600
D1977,4f000D197700
D1979,4f000D19790D
D1980,76000D198000
D1983,4f000D19830H
D1985,77000D198504
D1986,76000D198600
D1987,4f000D19870C
D1989,77000D198904
D1991,4f000D19910E
D1997,87000D199702
D1998,76000D199800
D20,1500000D2000
D201,710000D20104
D202,6c0000D20207
D203,710000D20306
D204,6c0000D20406
D205,710000D20504
D206,6c0000D20605
D207,710000D20707
D208,6c0000D20805
D2001,77000D200100
D2003,4f000D200300
D2015,4f000D201500
D2016,71000D201600
D21,2400000D2120
D211,780000D21106
D212,6c0000D21208
D213,780000D21303
D214,6c0000D21404
D2105,47000D210500
D2107,5l000D210701
D2111,4e000D211100
D2112,59000D211200
D2113,5l000D211311
D2114,6i000D211402
D2116,6c000D211601
D2118,58000D211802
D2119,4e000D211900
D2120,59000D212000
D2121,47000D212103
D2122,5l000D212203
D2123,4p000D212304
D2124,5l000D212402
D2128,49000D212801
D2132,5l000D213230
D2134,49000D213405
D2136,5l000D213610
D2138,49000D213802
D2140,5l000D214030
D2142,49000D214201
D2145,49000D214510
D2146,5l000D214602
D2152,5l000D215200
D2154,49000D215402
D2156,59000D215603
D2158,42000D215803
D2160,5e000D216000
D2161,4e000D216102
D2163,5l000D216310
D2177,56000D217720
D2178,42000D217801
D2179,4e000D217903
D2180,59000D218010
D2181,4e000D218103
D2182,59000D218204
D2185,54000D218500
D2186,42000D218610
D2188,56000D218807
D2190,39000D21900C
D2192,56000D219260
D2194,42000D219420
D2196,5e000D219609
D2198,39000D21980B
D22,1500000D2200
D221,710000D22100
D222,6c0000D22200
D223,710000D22301
D224,6c0000D22400
D225,710000D22500
D226,6c0000D22600
D227,710000D22701
D228,6c0000D22800
D2201,56000D220100
D2202,5u000D220200
D2206,5l000D220603
D2208,76000D22080F
D2212,5q000D221202
D2214,77000D22140G
D2216,5l000D221602
D2218,77000D22180B
D2222,56000D222207
D2224,76000D22240G
D2226,58000D22260T
D2228,77000D22280H
D2232,5n000D22320Y
D2234,77000D22340K
D2236,57000D22360W
D2238,76000D22380C
D2242,58000D224222
D2244,76000D22440Q
D2246,56000D224603
D2248,77000D22480B
D2254,5s000D225407
D2256,76000D22560E
D2259,39000D22590I
D2260,76000D22600F
D2262,56000D226202
D2264,76000D22640B
D2268,5l000D226804
D2270,77000D227009
D2272,56000D227203
D2274,77000D227401
D2277,39000D227710
D2278,77000D22780B
D2281,5l000D228103
D2282,6i000D22820J
D2284,6i000D22840K
D2286,5f000D228603
D2287,5l000D228708
D2290,6i000D229009
D2292,5f000D229240
D2293,5l000D229340
D2294,6i000D22940V
D2297,5u000D22970L
D2298,6i000D22980L
D2301,5n000D23010O
D2302,6i000D23020O
D2304,6i000D23040R
D2305,5n000D23050I
D2306,6i000D23060N
D2307,5n000D23070Q
D2308,6i000D23080J
D2309,5n000D23090Q
D2310,6i000D23100H
D2311,5n000D231112
D2312,6i000D23120X
D2315,65000D231502
D2321,65000D232100
D2323,5u000D232300
D2325,57000D23250J
D2326,6i000D23260Z
D2328,6i000D23280J
D2329,58000D232901
D2330,6i000D23300M
D2331,58000D23310S
D2334,6i000D23340C
D2335,58000D23350J
D2336,6i000D23360C
D2339,58000D233909
D2349,58000D234909
D2350,6i000D23500C
D2351,5c000D23510X
D2352,6i000D23520Z
D2353,5y000D23530U
D2354,6i000D23540M
D2355,5c000D23550E
D2356,6i000D23560B
D2357,57000D23570J
D2358,6i000D23580B
D2361,5u000D236109
D2362,6i000D236208
D2373,5l000D237302
D2374,76000D23740A
D2376,58000D23760F
D2378,77000D237808
D2381,65000D238109
D2383,58000D23830D
D2387,58000D238708
D2388,65000D238507
D2391,6z000D239103
D2393,58000D239306
D2395,65000D239503
D2401,6l000D240101
D2403,58000D240302
D2407,5n000D240703
D2409,6l000D240901
D2411,5n000D241104
D2414,6i000D241401
D2415,57000D241504
D2421,6l000D242102
D2429,65000D242900
D2431,5j000D243101
D2501,27000D25010B
D2502,4f000D25020H
D2503,27000D250306
D2504,4f000D25040H
D2505,27000D25050B
D2506,4f000D25060I
D2507,27000D250707
D2508,4f000D25080G
D2509,27000D250907
D2512,4f000D25120H
D2513,27000D25130H
D2514,4f000D25140D
D2515,27000D251513
D2516,4f000D25160D
D2518,4f000D25180H
D2519,27000D25190D
D2520,4f000D25200G
D2521,27000D25212F
D2523,27000D252307
D2524,4f000D25240E
D2525,27000D252510
D2527,27000D25271F
D2528,4f000D25280J
D2529,27000D25292B
D2531,27000D253140
D2532,4f000D253201
D2533,27000D25331C
D2534,4f000D25340D
D2536,4f000D25360F
D2537,27000D253704
D2538,4f000D25380B
D2540,4f000D25400A
D2561,27000D256110
D2562,4f000D256200
D2563,27000D25630B
D2564,4g000D25640E
D2565,27000D25650C
D2566,8d000D256608
D2567,27000D256709
D2568,8d000D25680B
D2571,27000D257108
D2572,4g000D25720A
D2581,28000D258109
D2582,4g000D258201
D2583,27000D258302
D2584,4f000D258408
D2647,4f000D264705
D2648,8d000D264802
D2649,4f000D264903
D2650,88000D265002
D2651,4f000D26510D
D2652,8d000D265204
D2653,4f000D26530B
D2654,8d000D265404
D2655,4f000D265509
D2656,8d000D265610
D2657,4f000D26570A
D2658,8d000D265806
D2659,4f000D265908
D2660,88000D266002
D2661,4f000D26610B
D2662,8d000D266203
D2663,4f000D26630B
D2664,8d000D266404
D2665,4f000D26650I
D2666,8d000D266602
D2670,88000D267002
D2671,4f000D26710G
D2674,8d000D267410
D2675,4f000D267509
D2676,8d000D267601
D2681,4f000D268109
D2682,8d000D268220
D2684,8d000D268410
D2685,4f000D268520
D2687,4f000D26870I
D2688,88000D26880B
D2689,4f000D26890F
D2690,8d000D269001
D2691,4f000D269108
D2693,4f000D26930F
D2694,88000D269406
D2695,4f000D26950A
D2696,8d000D269620
D2697,4f000D26970E
D2698,88000D269805
D27,2500000D2705
D2701,4f000D27010C
D2703,8d000D270380
D2706,93000D27060A
D2708,93000D27080D
D2717,4f000D271700
D2718,93000D271800
D2719,4f000D271904
D2721,4f000D272108
D2722,88000D272208
D2723,4f000D272301
D2724,88000D272405
D2726,88000D272604
D2727,4f000D272700
D2728,8d000D272800
D2731,4f000D273100
D2732,88000D273210
D2735,4f000D273507
D2736,88000D273608
D2737,4f000D273709
D2739,8b000D273910
D2741,8d000D274109
D2742,8d000D274201
D2743,8d000D274340
D2749,8d000D274940
D2750,8d000D275030
D2751,8d000D275102
D2756,8d000D275601
D2757,8d000D275703
D2759,8b000D275920
D2760,8d000D276010
D2763,87000D276301
D2764,88000D276401
D2765,88000D276801
D2767,87000D276701
D2773,27000D277305
D2775,38000D277502
D2778,4p000D277804
D2780,33000D278003
D2783,38000D278304
D2784,33000D278420
D2785,27000D278504
D2787,38000D278706
D2792,27000D279220
D2794,33000D279420
D28,0h00000D280S
D2803,78000D28030D
D2804,6c000D28040I
D2806,6c000D28060J
D2807,78000D28070L
D2809,71000D280900
D2811,78000D28110K
D2812,6e000D281207
D2815,76000D281504
D2818,6c000D28180H
D2819,78000D28190C
D2820,6c000D28200B
D2823,78000D28230D
D2825,78000D28250F
D2830,6c000D28300H
D2831,77000D283109
D2834,6c000D28340K
D2837,78000D283708
D2838,6c000D28380H
D2840,6c000D28400B
D2841,78000D284109
D2842,6c000D28420F
D2844,6c000D28440H
D2846,6c000D284607
D2848,78000D284802
D2871,5l000D287120
D2872,49000D287205
D2874,59000D287403
D2876,49000D287606
D2879,78000D28790I
D2880,6c000D288004
D2881,48000D288150
D2882,39000D288205
D2895,49000D289505
D2896,59000D289604
D2905,49000D290502
D2906,55000D290602
D2911,71000D291100
D2912,6c000D291200
D2914,5l000D291403
D2916,49000D291604
D2917,71000D291700
D2918,6c000D291801
D2919,71000D291900
D2920,6c000D292001
D2921,49000D292102
D2922,55000D292202
D2924,5l000D292412
D2926,49000D292604
D2928,5l000D292802
D2930,49000D293002
D2935,71000D293501
D2936,6c000D293608
D2944,6c000D294409
D2946,71000D294609
D2947,71000D294701
D2948,6c000D294808
D2952,6c000D295209
D2954,71000D295405
D2956,6c000D295607
D2958,71000D295808
D2960,6c000D29600A
D2961,71000D296106
D2962,6c000D29620A
D2965,71000D29650C
D2966,6c000D29660C
D2967,71000D296705
D2968,6c000D296804
D2970,6c000D29700B
D2972,6c000D29720D
D2975,71000D29750B
D2976,6c000D29760A
D2979,71000D29790G
D2981,71000D298120
D2984,6c000D298406
D2985,71000D298505
D2987,71000D298708
D2991,71000D299100
D2992,6e000D299200
D3006,5l000D300605
D3008,42000D30080R
D3010,5l000D301002
D3012,39000D30120Q
D3014,5l000D3014B2
D3016,39000D30160L
D3021,39000D302430
D3022,55000D302210
D3026,5l000D302602
D3028,39000D30280I
D3032,5l000D3032E0
D3034,42000D30340A
D3042,5l000D304280
D3044,4e000D304400
D3046,5l000D3046C1
D3048,39000D30480M
D3056,55000D305600
D3058,76000D305809
D3060,55000D306013
D3062,39000D30620Q
D3064,5l000D306460
D3066,39000D30660K
D3068,55000D306811
D3070,39000D30700K
D3072,5l000D307290
D3074,77000D307406
D3076,56000D307601
D3078,76000D307803
D3081,5l000D308191
D3082,42000D30820J
D3083,5l000D308304
D3084,42000D30840E
D3085,5i000D308570
D3086,39000D30860G
D3087,5i000D308770
D3088,39000D30880P
D3090,5l000D309092
D3092,39000D30920G
D315,270000D31503
D317,380000D31703
D3101,5l000D310103
D3102,58000D31020Z
D3103,5l000D310303
D3104,5n000D31040M
D3107,5l000D3107K0
D3108,6i000D31080R
D3109,5j000D310970
D3110,58000D31100G
D3111,56000D311103
D3112,6i000D31120L
D3121,65000D312102
D3123,56000D312301
D3125,5f000D312501
D3126,6i000D31260J
D3131,5l000D3131B0
D3133,5c000D31330Q
D3135,5l000D313520
D3137,57000D31370P
D3141,54000D314105
D3143,5c000D31430X
D3145,5l000D3145D0
D3147,5u000D314701
D3152,5f000D315232
D3154,39000D315407
D3156,5f000D315640
D3158,42000D315802
D3161,57000D316102
D3165,56000D316531
D3167,5c000D31670J
D3169,56000D316941
D3170,5n000D31700D
D3171,56000D317150
D3172,58000D317204
D3187,49000D318700
D3188,5u000D318800
D3189,5i000D318900
D3190,5u000D319002
D3193,5l000D319302
D3194,5u000D319404
D3197,5l000D319710
D3198,5u000D319803
D3201,5l000D3201H0
D3202,5n000D32020S
D3205,5l000D3205F0
D3206,5n000D32060P
D3211,56000D321130
D3212,5n000D32120H
D3215,5e000D321560
D3216,5n000D32160S
D3217,56000D321708
D3218,58000D32180D
D3219,5e000D321960
D3220,5n000D32200N
D3233,56000D323340
D3234,58000D32340I
D3235,5l000D323505
D3236,5n000D32360B
D3239,5l000D323912
D3240,5n000D324009
D3249,5n000D324902
D3252,5u000D32520C
D3254,77000D325405
D3256,5u000D32560B
D3258,42000D32580H
D3262,39000D32620G
D3264,58000D32640E
D3265,4e000D32650J
D3266,58000D32660R
D3268,6c000D326800
D3270,58000D327004
D3272,39000D32720D
D3274,5n000D32740Q
D3277,4e000D327706
D3278,5n000D32780Q
D3281,4e000D328105
D3283,57000D328306
D3285,6z000D328504
D3287,4e000D328704
D3289,4e000D328908
D3290,5n000D32900F
D3291,5l000D329151
D3293,5c000D32930I
D3295,5l000D329506
D3297,5c000D32970O
D3301,5e000D330160
D3302,5n000D330201
D3305,5e000D3305A0
D3307,56000D330704
D3308,6i000D330807
D3309,65000D330900
D3311,5n000D331102
D3313,65000D331302
D3315,5n000D331502
D3319,5n000D331901
D3321,27000D332101
D3322,38000D332201
D3323,5l000D332302
D3324,57000D33240A
D3327,27000D332710
D3328,38000D332810
D3329,27000D332903
D3330,38000D333004
D3331,27000D333100
D3332,38000D333200
D3333,5n000D33330O
D3334,6i000D33340A
D3336,6i000D333609
D3339,58000D333905
D3340,6i000D33400F
D3341,5n000D33411E
D3344,6i000D33440A
D3346,4z000D33460C
D3347,27000D334704
D3348,38000D334801
D3349,27000D334911
D3351,27000D335101
D3352,38000D335202
D3353,27000D335302
D3354,38000D335401
D3356,56000D335601
D3357,27000D335712
D3358,38000D335805
D3361,27000D336103
D3362,38000D336201
D3363,27000D336300
D3364,38000D336402
D3365,27000D336501
D3366,38000D336607
D3367,27000D336701
D3368,38000D336802
D3369,27000D336901
D3370,38000D337002
D3371,27000D337104
D3372,38000D337201
D3373,27000D337301
D3374,38000D337403
D3375,27000D337504
D3376,38000D337602
D3377,27000D337702
D3378,38000D337801
D3379,27000D337901
D3380,38000D338002
D3381,27000D338103
D3382,38000D338202
D3383,27000D338301
D3384,38000D338402
D3385,27000D338503
D3386,38000D338601
D3387,27000D338701
D3388,38000D338803
D3389,27000D338902
D3391,38000D339101
D3395,4e000D339501
D3397,56000D339710
D352,5l0000D352B0
D354,760000D3540C
D3507,87000D350703
D3509,4f000D350902
D3511,87000D351100
D3513,4f000D351302
D3517,4f000D351705
D3518,87000D351903
D3525,4f000D352502
D3529,4f000D352903
D3531,87000D353104
D3535,87000D353504
D3537,4f000D353704
D3539,87000D353900
D3541,4f000D354103
D3547,87000D354701
D3549,4f000D354904
D3551,87000D355103
D3559,87000D355902
D3563,77000D356305
D3564,71000D35640C
D3567,78000D356709
D3568,73000D35680E
D3571,78000D357108
D3572,71000D357209
D3575,77000D357501
D3576,71000D357601
D3581,77000D358101
D3582,71000D358201
D3583,8d000D358301
D3585,4f000D358501
D3589,4f000D358903
D3590,4t000D359001
D3591,4f000D359103
D3593,87000D359301
D3595,4f000D359504
D3596,4t000D359600
D361,390000D36109
D362,760000D36207
D366,4e0000D3660P
D368,760000D3680D
D3601,71000D360106
D3602,6c000D36020A
D3603,71000D36030M
D3605,71000D36050F
D3606,6c000D36060G
D3607,71000D36070D
D3608,6e000D36080A
D3609,71000D36090E
D3610,6c000D36100F
D3611,71000D36110C
D3614,6c000D36140I
D3615,71000D36150H
D3616,6c000D36160D
D3617,71000D36170W
D3618,6c000D36180D
D3619,71000D36190C
D3621,71000D36210D
D3623,71000D36230B
D3626,6c000D36260R
D3627,71000D36270J
D3628,6c000D36280D
D3629,71000D36290B
D3630,6c000D36300E
D3632,6c000D36320G
D3633,71000D363304
D3634,6c000D36340E
D3636,6c000D36360C
D3637,71000D363704
D3638,6c000D363808
D3639,71000D36390H
D3640,6c000D36400I
D3641,71000D36410E
D3643,71000D364308
D3644,6c000D364404
D3647,71000D364707
D3648,6c000D364802
D3651,71000D36510C
D3653,5y000D365301
D3655,71000D365506
D3657,5n000D365704
D3662,65000D366203
D3664,73000D366403
D3665,71000D366501
D3666,65000D366603
D3671,4f000D367100
D3673,87000D367300
D3679,71000D36790D
D3680,63000D368000
D3681,4f000D368102
D3683,87000D368302
D3685,4f000D368504
D3689,4f000D368902
D3691,87000D369101
D3697,4f000D369702
D3698,4u000D369801
D375,480000D37510
D376,6i0000D37602
D377,5l0000D37709
D3704,71000D370402
D3706,6c000D37060G
D3708,73000D37080F
D3710,6c000D37100A
D3712,73000D37120D
D3714,6c000D37140C
D3718,63000D371800
D3720,73000D37200B
D3722,6c000D37220C
D3724,73000D37240C
D3725,73000D37280B
D3726,6c000D37260E
D3730,6c000D373008
D3732,73000D37320C
D3734,6c000D373410
D3736,73000D37360Y
D3738,6c000D37380E
D3740,73000D37400L
D3742,6c000D374206
D3745,71000D374501
D3746,6c000D374607
D3751,71000D37510F
D3752,6c000D37520H
D3753,71000D37530E
D3754,6c000D37540D
D3755,71000D375508
D3756,6c000D375605
D3757,71000D37570A
D3758,6c000D37580F
D3759,71000D375907
D3760,6c000D37600C
D3761,71000D37610H
D3762,6c000D37620H
D3763,71000D376308
D3764,6c000D37640D
D3781,71000D378406
D3782,6c000D37820B
D3786,6c000D378609
D3788,71000D378807
D3790,6c000D379002
D3792,71000D379208
D3796,71000D379604
D381,5l0000D381B0
D382,5n0000D3820P
D385,6l0000D38506
D3803,6c000D38020E
D3804,80000D38040C
D3806,6c000D38060K
D3808,80000D380809
D3810,6c000D381009
D3812,80000D38120I
D3814,6c000D381406
D3816,80000D38160I
D3818,6c000D38180E
D3820,80000D38200O
D3822,6c000D382209
D3824,80000D38240F
D3826,6c000D38260A
D3828,80000D38280J
D3830,6c000D38300E
D3832,80000D38320H
D3838,6c000D383806
D3840,80000D38400H
D3842,6e000D384205
D3844,8c000D38440E
D3846,6c000D384609
D3848,8c000D384800
D3850,6y000D385007
D3852,8c000D38520C
D3856,8c000D38560C
D3858,6c000D38580C
D3862,6c000D38620A
D3902,80000D390206
D3903,71000D390309
D3904,80000D39040A
D3905,71000D390503
D3906,80000D390609
D3907,71000D390704
D3910,80000D391009
D3922,73000D392206
D3924,80000D392407
D3926,73000D392603
D3928,80000D392809
D3933,71000D393305
D3934,8c000D39340B
D3937,71000D393704
D3938,8c000D39380A
D3941,71000D394108
D3942,8c000D39420B
D3944,73000D394407
D3946,8c000D394609
D3949,71000D394904
D3950,8c000D395009
D3953,71000D395304
D3954,8c000D39540A
D3956,73000D39560D
D3958,8c000D39580B
D3961,6c000D396107
D3962,8c000D39620B
D3965,61000D396502
D3966,71000D396603
D3967,64000D396704
D3968,71000D396804
D4033,27000D403321
D4034,4f000D40340Q
D4035,27000D403510
D4036,4f000D40360N
D4037,27000D403710
D4038,4f000D40380K
D4041,4f000D40410F
D4043,87000D404330
D4045,4f000D40450F
D4047,87000D404730
D4061,4f000D40611E
D4062,8d000D406270
D4063,4f000D40631F
D4064,8d000D406402
D4101,76000D410100
D4102,71000D410200
D4103,78000D410300
D4104,71000D410400
D4105,78000D410500
D4106,71000D410600
D4107,78000D410700
D4108,71000D410800
D4109,27000D410900
D4111,27000D411100
D4114,76000D411400
D4115,4f000D411500
D4118,76000D411800
D4201,27000D420100
D4715,77000D471502
D4717,77000D471705
D4811,77000D481100
D4948,6c000D494804
D4956,6c000D495603
D4961,76000D496102
D4982,6e000D498202
D5081,4h000D508116
D5082,4f000D50822I
D5083,4h000D50831A
D5084,4f000D50842M
D5085,4h000D50851A
D5086,4f000D50861S
D5087,4h000D50871A
D5088,4f000D50881H
D5089,4h000D50890A
D5090,4f000D50903B
D5091,4h000D50910W
D5095,4h000D50950G
D5096,4f000D50960L
D5097,4h000D509710
D5098,43000D509800
D5101,77000D51010C
D5102,76000D51020P
D5103,77000D510380
D5104,76000D510430
D5105,77000D510530
D5106,76000D510660
D5107,77000D510750
D5108,76000D510820
D5148,77000D514804
D5159,77000D515900
D5160,77000D516000
D5167,77000D516700
D5168,77000D516800
D5201,39000D520106
D5202,39000D52020D
D5204,39000D520407
D5206,39000D52060F
D5207,39000D520706
D5220,39000D522005
D5222,42000D52220A
D5224,4r000D522402
D5226,42000D522640
D5228,4r000D522803
D5229,39000D522902
D5230,4r000D523002
D5232,39000D523207
D5234,4r000D523402
D5236,39000D523608
D5238,4r000D523802
D5240,39000D524002
D5244,42000D52440O
D5246,4r000D524605
D5248,42000D524804
D5250,4r000D525003
D5261,4f000D52610V
D5262,43000D52620U
D5263,4f000D52630V
D5264,43000D52640V
D5265,4f000D52650W
D5266,43000D52660W
D5267,4f000D52671C
D5268,43000D52681B
D5269,4f000D52691B
D5270,43000D52701D
D5271,4f000D52711D
D5272,43000D52721E
D5279,4f000D52790F
D5280,43000D52800F
D5283,4f000D528307
D5285,4f000D52850F
D5303,27000D530325
D5304,27000D530421
D5305,27000D530512
D5306,27000D530611
D5307,27000D530741
D5308,27000D530820
D5309,27000D530911
D5310,27000D531030
D5312,27000D531231
D5313,27000D53130A
D5315,27000D531523
D5316,27000D53160E
D5318,27000D53182B
D5319,27000D531908
D5321,27000D53212A
D5322,27000D532231
D5324,27000D532406
D5326,27000D532630
D5328,27000D532811
D5329,27000D532913
D5330,27000D533006
D5332,27000D533220
D5333,27000D5333A0
D5334,27000D533471
D5335,27000D533521
D5336,27000D533612
D5341,27000D534111
D5343,27000D534306
D5361,28000D536113
D5363,28000D536333
D5364,27000D536421
D5366,27000D536644
D5367,28000D536717
D5371,28000D537117
D5372,27000D537213
D5374,27000D537434
D5375,28000D537512
D5376,27000D537613
D5377,28000D537740
D5378,27000D537820
D5380,27000D538000
D55,8d00000D5540
D5501,48000D550141
D5502,56000D550231
D5505,48000D550504
D5506,59000D550612
D5509,48000D550903
D5510,54000D551002
D5515,5l000D551553
D5516,59000D551603
D5521,5f000D552401
D5522,56000D552201
D5526,59000D552610
D5531,53000D553101
D5532,56000D553201
D5533,53000D553300
D5534,5e000D553400
D5561,53000D556102
D5562,5l000D556200
D5572,56000D557200
D5577,56000D557705
D5580,52000D558014
D5589,56000D558930
D5591,53000D559113
D5592,5l000D559201
D56,9300000D560D
D5601,5l000D560136
D5602,59000D560240
D5603,5l000D560352
D5604,59000D560414
D5605,5l000D560531
D5606,59000D560605
D5607,5l000D560711
D5608,59000D560816
D5609,5l000D560903
D5610,59000D561021
D5637,5l000D563705
D5638,54000D563806
D5641,5l000D564122
D5642,54000D564211
D5643,5i000D564302
D5644,54000D564490
D5645,5i000D564521
D5646,51000D564650
D5647,5l000D564770
D5648,53000D564800
D5654,53000D565401
D5661,54000D566190
D5662,5l000D566260
D5665,48000D566501
D5666,5l000D566602
D5671,5j000D567101
D5742,39000D574202
D5744,42000D574401
D5746,39000D574601
D5748,42000D574801
D5750,39000D575002
D5752,42000D575202
D5754,39000D575402
D5756,4r000D575600
D5758,39000D575802
D5762,39000D576201
D5764,39000D576409
D5766,39000D576610
D5768,39000D576810
D5770,39000D577003
D5772,4r000D577202
D5774,39000D577402
D5776,42000D577600
D5778,39000D577801
D5780,4r000D578002
D5782,39000D578206
D5784,42000D578403
D5786,39000D578602
D5788,42000D578802
D5792,39000D579204
D5794,4r000D579404
D5796,39000D579604
D5798,4r000D579805
D5801,39000D58010U
D5802,42000D58020Q
D5803,39000D58030E
D5804,42000D58040U
D5805,39000D580503
D5806,42000D580603
D5807,39000D580703
D5808,42000D58080A
D5809,39000D580901
D5810,42000D581003
D5818,4e000D581803
D5820,42000D58200J
D5822,4e000D58220F
D5824,42000D58240Q
D5826,4e000D582601
D5828,42000D58280G
D5832,4e000D58320H
D5834,42000D58340L
D5836,4e000D583600
D5838,42000D58380P
D5852,39000D585210
D5853,39000D585310
D5872,39000D587204
D5884,39000D588401
D5886,39000D588604
D5896,39000D589603
D5898,39000D589804
D5941,39000D594108
D5942,42000D594208
D5947,39000D594708
D5948,3h000D594806
D5954,42000D59540L
D5955,39000D59550N
D5956,42000D59560A
D5957,39000D59570A
D5958,42000D59580E
D5962,42000D596209
D5963,39000D596305
D5964,42000D596430
D5971,39000D597108
D5972,42000D597209
D5973,39000D597307
D5974,42000D59740C
D5975,39000D597507
D5976,42000D597604
D5979,39000D597904
D5980,42000D598004
D5981,39000D598107
D5982,42000D59820A
D5985,39000D598505
D5986,42000D598604
D5987,39000D598720
D5988,42000D598830
D5989,39000D598909
D5990,42000D59900B
D5991,39000D599130
D5992,42000D599203
D5993,39000D599307
D5994,42000D59940A
D5995,39000D599503
D5997,39000D599702
D5998,42000D59980G
D6001,47000D60010N
D6002,49000D60020G
D6003,47000D60030D
D6004,49000D60040M
D6005,47000D60050F
D6006,49000D60060N
D6007,4p000D60070G
D6008,49000D60080R
D6009,47000D60090Z
D6010,49000D601070
D6011,47000D60110R
D6012,49000D60120O
D6015,47000D60180A
D6020,49000D60200E
D6022,47000D602207
D6023,4p000D602304
D6024,49000D6024B2
D6025,47000D602592
D6026,49000D6026B1
D6029,49000D602900
D6030,49000D603002
D6031,4p000D603103
D6032,49000D603203
D6038,49000D603840
D6044,49000D60440A
D6046,49000D604604
D6049,49000D604904
D6050,49000D605003
D6051,4p000D60510C
D6053,4p000D605308
D6054,49000D60540L
D6056,49000D605608
D6057,4p000D605710
D6061,4q000D60610E
D6062,49000D60620N
D6066,49000D606620
D6071,47000D60710B
D6072,49000D60720M
D6073,4p000D607320
D6074,49000D60740N
D6075,47000D60750M
D6076,49000D60760K
D6077,4q000D607709
D6078,49000D60780L
D6079,47000D60790H
D6080,49000D60800B
D6081,47000D608110
D6082,49000D60820B
D6084,49000D608404
D6086,49000D608608
D6088,49000D608804
D6090,47000D609006
D6093,47000D609301
D6094,49000D609406
D6095,49000D60950A
D6096,49000D609608
D6097,49000D609709
D6098,49000D60980B
D618,4e0000D61805
D6101,77000D610106
D6103,77000D610302
D6104,77000D610406
D6105,77000D610504
D6106,77000D610604
D6107,77000D610720
D6108,77000D610820
D6109,77000D610907
D6110,77000D611009
D6113,77000D611301
D6116,77000D611601
D6119,77000D611903
D6120,77000D612020
D6121,77000D612120
D6122,77000D612210
D6123,77000D612306
D6124,77000D612405
D6125,77000D612500
D6126,77000D612601
D6127,77000D612720
D6128,77000D612800
D6131,77000D613110
D6132,77000D613200
D6135,77000D613501
D6136,77000D613601
D6141,77000D614104
D6142,77000D614204
D6143,77000D614301
D6144,77000D614403
D6145,77000D614507
D6146,77000D614602
D6147,77000D614701
D6148,77000D614800
D6155,78000D615500
D6156,78000D615600
D6157,78000D615700
D6158,78000D615800
D6159,77000D615910
D6160,78000D616000
D6162,78000D616200
D6164,78000D616400
D6165,78000D616500
D6166,78000D616600
D6167,78000D616700
D6168,78000D616800
D6169,77000D616920
D6170,78000D617000
D6171,78000D617100
D6172,78000D617210
D6191,77000D619102
D6192,76000D619207
D6195,77000D619504
D6196,76000D619604
D620,760000D62002
D629,390000D6290E
D6202,58000D62020Q
D6203,5y000D620302
D6204,58000D62040K
D6206,58000D62060T
D6207,58000D62070Q
D6208,58000D62080S
D6210,58000D62100I
D6212,58000D62120W
D6213,58000D621312
D6214,58000D62140X
D6217,58000D62170V
D6218,5n000D62180U
D6219,58000D62190V
D6220,58000D62200V
D6221,58000D622113
D6223,58000D622313
D6224,58000D62240X
D6226,58000D62260Y
D6227,58000D62270V
D6228,58000D622820
D6229,58000D622912
D6231,58000D62310Y
D6233,58000D62330Z
D6239,5n000D62390F
D6240,5n000D624007
D6241,5y000D62410G
D6242,58000D62420S
D6243,5y000D624300
D6244,5n000D624410
D6251,57000D625107
D6252,5u000D62520O
D6254,5u000D625402
D6255,57000D62550A
D6256,57000D625610
D6257,5y000D625700
D6258,5u000D62580H
D6260,57000D62600A
D6263,5y000D62630F
D6264,57000D626408
D6266,57000D62660C
D6268,57000D626807
D6273,5n000D627303
D6274,4z000D627401
D6277,5n000D627710
D6278,4z000D627804
D6280,4z000D628005
D6281,58000D628104
D6296,58000D629607
D6298,4z000D629805
D630,770000D6300B
D633,390000D63303
D634,760000D6340G
D636,5l0000D63670
D638,760000D6380F
D6312,58000D63120E
D6318,58000D63180F
D6323,5n000D63230A
D6324,5c000D632407
D6325,5n000D632510
D6329,5n000D63290D
D6330,58000D63300F
D6332,5n000D633220
D6333,5n000D63330Q
D6335,5n000D63350O
D6336,58000D63360R
D6338,58000D63380Q
D6344,57000D63440N
D6352,57000D63520L
D6353,57000D63530K
D6378,5u000D637807
D6381,5n000D63810W
D6383,5c000D638310
D6402,5c000D640208
D6404,4z000D640407
D6407,58000D64070Y
D6409,58000D64090V
D6415,58000D64150Y
D6439,58000D64390H
D6441,57000D644103
D6443,5c000D64430K
D6445,5c000D64450T
D6449,5c000D64490W
D6475,5c000D64750R
D6476,58000D64760G
D6485,57000D648505
D6486,57000D648603
D6487,57000D648700
D6488,5c000D648803
D656,5e0000D65664
D658,770000D65809
D6501,5u000D650106
D6502,58000D65020O
D6504,58000D65040G
D6505,57000D65050L
D6507,57000D65070N
D6508,58000D65080O
D6509,5u000D65090P
D6510,58000D651014
D6512,5u000D651202
D6513,5u000D651305
D6514,4z000D651406
D6522,58000D65220X
D6523,5u000D65230U
D6525,57000D65250X
D6526,58000D65260C
D6527,5u000D652721
D6528,58000D65280H
D6529,57000D65290O
D6530,58000D653007
D6531,57000D65310R
D6534,5n000D653420
D6541,5u000D654150
D6542,58000D65420X
D6548,5u000D65480A
D6552,58000D65520B
D6569,57000D656909
D6570,4z000D65700C
D6572,58000D65720D
D6574,57000D65710C
D6575,58000D65750E
D6577,57000D65770H
D6581,57000D65810K
D6582,58000D65820L
D6583,57000D65830C
D6584,58000D65840J
D6595,57000D65950A
D6597,5n000D65970B
D661,580000D66102
D662,6i0000D66202
D663,5n0000D66301
D664,6i0000D66400
D665,5n0000D66500
D666,6i0000D66601
D667,580000D66703
D668,6i0000D66801
D6601,24000D660102
D6602,25000D660203
D6605,24000D660502
D6606,25000D660602
D6609,24000D660902
D6610,25000D661002
D6611,24000D66110F
D6612,25000D661203
D6623,24000D662301
D6624,25000D662401
D6625,24000D662506
D6626,25000D662610
D6627,24000D662701
D6628,25000D662801
D6671,26000D667102
D6672,26000D667202
D671,5n0000D67114
D672,6i0000D6720W
D673,580000D6730S
D674,6i0000D67426
D676,6i0000D67607
D6701,24000D670100
D6702,2b000D670200
D6703,24000D670301
D6704,2b000D670400
D6705,24000D670500
D6706,2b000D670600
D6707,24000D670710
D6708,2b000D670800
D6709,24000D670900
D6710,2b000D671000
D6711,24000D671103
D6712,24000D671203
D6713,24000D671302
D6714,24000D671401
D6715,24000D671501
D6716,24000D671601
D6717,24000D671701
D6718,24000D671801
D6722,24000D672203
D6723,24000D672303
D6724,24000D672403
D6725,24000D672505
D6726,24000D672604
D6727,24000D672705
D6728,24000D672803
D6729,24000D672902
D6731,24000D673100
D6732,24000D673200
D6751,33000D67510C
D6752,33000D67520C
D6753,33000D67530I
D6754,33000D67540F
D6755,33000D675570
D6756,33000D675630
D6757,33000D67570E
D6758,33000D67580F
D6759,33000D675930
D6760,33000D676050
D6762,33000D67620D
D6771,36000D67710C
D6772,33000D67720F
D6773,36000D677330
D6774,33000D677440
D6775,36000D677510
D6776,33000D677650
D681,5n0000D6812Q
D683,580000D6830M
D684,6i0000D6840M
D685,580000D6850M
D686,6i0000D6862B
D687,580000D6870E
D688,6i0000D68806
D6801,4f000D68010Y
D6802,4g000D680211
D6803,4f000D680324
D6804,4g000D68040J
D6806,4g000D68060R
D6809,4f000D68090T
D6811,4f000D68111L
D6812,4g000D68120Q
D6821,4f000D68210O
D6822,4j000D682202
D6851,4f000D68510N
D6852,43000D68520J
D6854,43000D68540A
D6855,4f000D68550L
D6856,43000D685609
D6857,4f000D68570R
D6858,43000D68580A
D6859,4f000D68590K
D6862,43000D68620D
D6863,4f000D68630K
D6864,43000D68640P
D6865,4f000D68650S
D6867,4f000D686731
D6868,43000D68680D
D6869,4f000D68690R
D6870,43000D68700H
D6871,4f000D68710S
D6872,43000D68720L
D6873,4f000D68730H
D6874,43000D68740K
D6891,43000D689102
D6893,4h000D68930B
D6894,4f000D68940C
D690,6i0000D6900A
D691,580000D6910A
D695,580000D69506
D696,6i0000D69601
D6901,01000D69010C
D6902,04000D69020K
D6911,01000D691109
D6912,04000D69120N
D6913,01000D69130C
D6914,04000D69140K
D6915,01000D691530
D6916,04000D691650
D6917,0h000D691720
D6918,04000D69180J
D6919,01000D69190C
D6920,04000D69200J
D6921,0h000D692108
D6922,04000D69220K
D6923,01000D69230D
D6924,04000D69240E
D6925,01000D69250O
D6926,04000D69260E
D6927,01000D69270F
D6928,04000D69280G
D6929,01000D69290C
D6930,04000D693005
D6931,01000D693105
D6932,04000D693220
D6933,01000D693305
D6934,04000D693405
D6935,01000D69350D
D6936,04000D693603
D6937,01000D693704
D6938,04000D69380A
D6939,01000D693910
D6941,01000D694103
D6942,04000D694202
D6944,04000D694402
D701,240000D70102
D702,550000D70221
D705,240000D70507
D706,550000D70610
D709,240000D70908
D7001,4e000D700106
D7002,39000D70020E
D7003,4e000D70030B
D7005,4e000D700506
D7007,4e000D700704
D7008,39000D700803
D7011,4e000D701120
D7012,39000D701250
D7013,4e000D701310
D7014,39000D701402
D7015,4e000D701520
D7016,39000D701660
D7017,4e000D701710
D7018,39000D701820
D7019,4e000D701901
D7020,39000D702020
D7042,4r000D704205
D7048,4r000D704804
D7049,39000D704904
D7050,4r000D705004
D7056,4r000D70560A
D7057,39000D705709
D7061,39000D706130
D7062,42000D706200
D7063,39000D706330
D7064,42000D706410
D7065,39000D706550
D7066,42000D706610
D7069,39000D706902
D7070,4r000D707002
D7071,4p000D707105
D7072,49000D707210
D710,550000D71000
D711,240000D7110B
D712,560000D71211
D717,240000D71707
D718,560000D71801
D7109,65000D710907
D7110,67000D711001
D7113,65000D711307
D7114,67000D711401
D7117,65000D711708
D7118,67000D711801
D7121,65000D712108
D7122,67000D712200
D7125,65000D712506
D7126,67000D712600
D7129,6c000D712900
D7130,6e000D713000
D7131,70000D713107
D7132,6e000D71320B
D7133,6c000D713302
D7134,6e000D713400
D7135,65000D713504
D7137,70000D713700
D7138,6e000D713800
D7139,6c000D713903
D7140,6e000D714003
D7141,65000D714107
D7142,67000D714200
D7145,65000D714508
D7147,6z000D714702
D7149,65000D71490B
D7150,67000D715000
D7153,65000D71530D
D7154,67000D715401
D7157,65000D715707
D7158,67000D715801
D7161,65000D71610B
D7163,6j000D716302
D7165,65000D71650A
D7167,6z000D716700
D7169,65000D716908
D7171,6j000D717102
D7173,65000D71730A
D7175,6j000D717503
D7177,65000D71770A
D7179,6z000D717903
D7181,65000D71810B
D7183,6j000D718303
D725,240000D72508
D726,490000D72605
D727,240000D72707
D728,650000D72805
D733,240000D73309
D734,570000D73406
D735,240000D73503
D736,570000D73604
D737,240000D73703
D738,570000D73805
D739,240000D73940
D7301,6z000D730103
D7302,6j000D730202
D7304,6j000D730403
D7305,6j000D730500
D7306,6i000D730605
D7307,6j000D730700
D7308,6i000D730800
D7309,6z000D73090W
D7310,6i000D73100Z
D7311,6z000D73110Z
D7312,6i000D731211
D7313,6z000D731301
D7314,6i000D731404
D7315,6z000D731503
D7316,6i000D731606
D7331,6j000D733102
D7332,6i000D733205
D7333,65000D733301
D7335,6l000D733501
D7337,65000D733700
D7339,6l000D733901
D7341,6j000D734101
D7342,6i000D734200
D7343,6j000D734301
D7344,6i000D734401
D7345,6j000D734500
D7346,6i000D734601
D740,570000D74000
D745,240000D74507
D746,5n0000D74607
D7402,6i000D74020C
D7404,6i000D74040G
D7412,6i000D74120G
D7414,67000D741402
D7416,6i000D74160I
D7423,6j000D74230J
D7424,6i000D74240L
D7429,6l000D742900
D7430,67000D74300C
D7440,6i000D744003
D7451,64000D745100
D7452,62000D745200
D7453,64000D745300
D7454,62000D745400
D7455,64000D745501
D7456,62000D745610
D7457,64000D745700
D7458,62000D745802
D7459,64000D745900
D7460,62000D746000
D7461,64000D746100
D7462,62000D746201
D7463,64000D746300
D7464,6n000D746400
D7465,64000D746501
D7466,62000D746600
D7467,64000D746700
D7468,62000D746800
D7469,64000D746900
D7470,62000D747000
D7471,64000D747100
D7472,62000D747200
D7473,6a000D747300
D7474,62000D747400
D7475,64000D747500
D7476,62000D747600
D7477,64000D747700
D7478,62000D747800
D751,770000D75103
D752,8d0000D75202
D753,770000D75303
D754,850000D75403
D755,770000D75505
D756,880000D75605
D759,240000D75905
D7551,65000D755100
D7552,65000D755202
D7553,70000D755307
D7554,65000D755408
D7557,6c000D755706
D7558,6y000D755806
D7559,6c000D755908
D7560,6y000D756000
D7561,60000D756100
D7562,65000D756200
D7563,6c000D756301
D7564,6e000D756401
D760,580000D76006
D762,850000D76203
D764,760000D76405
D766,880000D76606
D768,760000D76805
D7603,12000D76030C
D7604,12000D760406
D7606,12000D760609
D7607,12000D760706
D7610,12000D761007
D7611,12000D761107
D7612,12000D761207
D7613,12000D761307
D7615,12000D76150A
D7616,12000D76160E
D7619,12000D761904
D7620,12000D762006
D7623,12000D762306
D7624,12000D762406
D7625,12000D762509
D7627,12000D762720
D7628,12000D762820
D7629,12000D762909
D7630,12000D76300A
D7631,12000D763105
D7632,12000D763208
D7633,12000D763306
D7638,12000D76380G
D7640,12000D764020
D7651,12000D765123
D7652,12000D76520P
D7667,12000D76670D
D7668,12000D76680E
D7669,12000D766910
D7670,12000D767010
D7672,12000D767206
D7683,12000D76830C
D7684,12000D76840C
D771,550000D77130
D772,570000D7720D
D777,330000D77705
D778,410000D77805
D779,3d0000D77906
D7711,1g000D77110C
D7712,12000D77120G
D7713,1g000D77130V
D7715,13000D771500
D7716,12000D771610
D7717,13000D771701
D7718,12000D77180D
D7720,12000D772020
D7724,1n000D772406
D7727,12000D77270A
D7728,1g000D77290C
D7731,12000D773130
D7733,1g000D773310
D7737,1g000D77370E
D7741,13000D77410F
D7742,12000D77420B
D7743,12000D77430D
D7747,12000D77470D
D7749,1g000D77490G
D7751,12000D77510E
D7753,13000D775308
D7755,12000D77550B
D7757,13000D775705
D7761,1k000D776103
D7762,12000D776202
D7763,15000D776305
D7764,12000D776403
D7766,16000D776604
D7768,1g000D776802
D7788,12000D778803
D7791,1g000D77910C
D7792,16000D77920C
D7795,1g000D779504
D7796,16000D779605
D780,410000D78004
D781,490000D78102
D782,560000D78210
D783,560000D78210
D7801,01000D780101
D7802,02000D780208
D7811,0h000D78110D
D7812,02000D78120A
D7813,01000D781306
D7814,02000D78140B
D7815,0h000D781502
D7816,02000D78160A
D7817,01000D781709
D7818,02000D78180G
D7819,0h000D781902
D7820,02000D78200C
D7821,01000D782107
D7822,02000D78220C
D7823,01000D78230C
D7824,02000D78240G
D7825,01000D782505
D7826,02000D78260B
D7827,01000D782704
D7828,02000D782808
D7829,01000D782905
D7831,01000D78310C
D7851,38000D785100
D7852,38000D785201
D7853,38000D785310
D7854,38000D785403
D7857,38000D785701
D7858,38000D785801
D7859,38000D785910
D7861,38000D786110
D7863,38000D786310
D7865,38000D786501
D7866,38000D786601
D7867,38000D786700
D7868,38000D786800
D7871,38000D787106
D7873,38000D787305
D7877,38000D787704
D7879,38000D787902
D7881,38000D788106
D7883,38000D788320
D7884,38000D788410
D7885,38000D788550
D7886,38000D788620
D7887,38000D788730
D7888,38000D788810
D7889,38000D788910
D7890,38000D789010
D7892,40000D789210
D7893,38000D789320
D7894,40000D789410
D7895,38000D789510
D7896,40000D789610
D7901,03000D790110
D7902,02000D790201
D7903,03000D790310
D7904,02000D790402
D7905,02000D790500
D7906,02000D790600
D7908,03000D790800
D7910,03000D791020
D7912,03000D791200
D7915,0h000D791504
D7917,02000D791700
D7921,0h000D792105
D7923,01000D79230A
D7925,0h000D792510
D7927,02000D792701
D7931,01000D793103
D7933,01000D79330B
D7935,01000D793502
D7937,02000D793710
D7941,01000D794120
D7945,01000D794502
D7947,02000D794701
D7952,04000D795208
D7955,02000D795504
D7956,03000D795600
D7957,0h000D795700
D7958,03000D795804
D7961,02000D796106
D7962,04000D796206
D7963,0h000D796303
D7964,03000D796410
D7965,0h000D796500
D7966,02000D796600
D7967,0h000D796710
D7968,03000D796810
D7969,01000D796902
D7970,03000D797010
D7972,04000D797208
D7974,03000D797404
D7975,01000D797507
D7976,03000D797601
D7977,01000D797702
D7978,03000D797800
D7981,03000D798101
D7982,04000D79820B
D7983,01000D798310
D7984,03000D798400
D7985,01000D798520
D7986,03000D798610
D7987,01000D798701
D7989,02000D798902
D806,850000D80603
D808,780000D80808
D8085,1g000D808502
D8087,15000D808703
D8090,12000D809004
D8092,1c000D809206
D8093,1g000D809303
D8103,80000D810307
D8104,8c000D810405
D8107,80000D810708
D8108,8c000D810807
D8111,80000D811103
D8112,8c000D811208
D8115,80000D811507
D8116,8c000D811607
D8118,84000D811800
D8120,80000D812000
D8122,8c000D812201
D8124,8c000D812401
D8126,8c000D812604
D8128,8c000D812803
D8130,8c000D813003
D8132,8c000D813206
D8134,8c000D813405
D8138,80000D813806
D8139,80000D813906
D8140,80000D814008
D8141,8c000D814105
D8142,8c000D81420B
D8143,8c000D814309
D8144,80000D81440A
D8145,80000D81450A
D8146,80000D81460A
D8147,80000D81470A
D8148,80000D814801
D8150,8c000D815004
D8151,47000D815103
D8152,49000D815203
D8156,49000D815601
D8157,47000D81570A
D8158,49000D81580A
D8161,47000D816103
D8162,49000D816202
D8164,49000D816402
D8166,49000D816602
D8172,49000D817204
D8174,49000D817404
D8176,49000D817602
D8178,47000D817802
D8181,4p000D818106
D8183,4p000D818306
D8184,49000D818406
D8185,4p000D818510
D8186,49000D818610
D8201,71000D82010H
D8202,71000D82020K
D8203,71000D82030C
D8206,71000D82060F
D8207,71000D82070N
D8210,71000D821013
D8212,71000D82120C
D8214,71000D82140C
D8215,71000D821520
D8217,71000D821708
D8218,71000D821809
D8221,71000D822105
D8222,73000D822200
D8223,71000D822306
D8224,73000D822403
D8225,71000D822509
D8226,73000D822603
D8227,71000D822702
D8228,71000D822803
D8229,71000D822910
D8230,71000D823002
D8232,71000D823208
D8251,71000D82510C
D8253,71000D82530E
D8255,71000D82550A
D8257,71000D82570D
D8258,71000D825801
D8259,71000D82590B
D8262,71000D826207
D8266,71000D82660C
D8268,71000D826809
D8270,71000D82700B
D8272,71000D827209
D8280,71000D828008
D8302,73000D83020A
D8303,71000D83030F
D8304,73000D83040K
D8305,71000D83050K
D8306,73000D83060C
D8307,71000D83070N
D8308,73000D83080B
D8309,71000D83090E
D8311,71000D83110G
D8312,73000D831208
D8313,71000D83130A
D8314,73000D831409
D8315,71000D831509
D8316,73000D83160A
D8317,71000D83170B
D8318,73000D831806
D8322,73000D832204
D8324,73000D832404
D8325,71000D832502
D8326,73000D832602
D8332,73000D833201
D8334,73000D833402
D8336,73000D833602
D8338,73000D833802
D8341,71000D834106
D8342,73000D834206
D8344,73000D834402
D8345,71000D834502
D8347,71000D834703
D8349,71000D83490A
D8350,73000D835003
D8351,71000D835108
D8353,71000D835304
D8354,73000D835407
D8356,73000D835604
D8358,73000D835801
D8360,73000D836001
D8363,71000D836306
D8364,71000D836405
D8366,71000D836603
D8368,73000D836805
D8369,71000D836900
D8374,73000D837402
D8382,71000D838208
D8383,71000D838307
D8386,71000D838606
D8389,71000D838903
D8390,71000D839008
D8393,71000D839301
D8394,71000D839406
D8398,71000D839805
D8401,71000D840105
D8402,73000D84020A
D8403,71000D84030B
D8404,73000D84040T
D8405,71000D84050D
D8406,73000D84060B
D8407,71000D840709
D8408,73000D840809
D8409,71000D840904
D8410,73000D841009
D8411,71000D84110S
D8412,73000D841207
D8414,73000D841404
D8416,73000D841609
D8432,71000D84320B
D8434,73000D84340B
D8438,73000D843803
D8451,71000D845106
D8454,73000D84540A
D8455,71000D845503
D8456,73000D845603
D8461,71000D84610B
D8462,71000D84620B
D8463,71000D846304
D8464,71000D846406
D8465,71000D846507
D8466,71000D846607
D8468,71000D846805
D8470,71000D847002
D8471,71000D84710C
D8476,71000D847601
D8478,71000D847802
D8491,71000D849106
D8492,71000D849205
D8493,71000D84930A
D8494,73000D849405
D8495,71000D849505
D851,760000D85101
D852,800000D85204
D853,760000D85301
D854,800000D85401
D855,760000D85501
D856,800000D85601
D857,760000D85701
D858,800000D85801
D859,760000D85903
D8501,01000D850101
D8502,03000D85020C
D8511,01000D851105
D8512,03000D85120A
D8513,01000D851304
D8514,03000D851430
D8515,0h000D851520
D8516,03000D851609
D8517,01000D851708
D8518,03000D851809
D8519,01000D85190B
D8520,03000D85200B
D8521,01000D852109
D8522,03000D852207
D8523,01000D85230D
D8524,03000D852408
D8525,01000D852507
D8526,03000D85260B
D8528,03000D852806
D8549,03000D854902
D8550,78000D855010
D8552,78000D855202
D8556,78000D855606
D8567,77000D856710
D8568,78000D856820
D8569,77000D856930
D8570,78000D857030
D8571,77000D85710D
D8572,78000D85720E
D8573,77000D85730A
D8574,78000D857409
D8575,77000D857540
D8576,78000D857640
D8577,78000D857703
D8578,78000D85780C
D8579,78000D857902
D8580,78000D85800B
D8582,78000D858260
D8585,78000D858508
D8586,78000D858607
D8592,78000D85920C
D8594,78000D859480
D8599,78000D859900
D860,800000D86001
D861,760000D86100
D862,800000D86201
D8602,84000D860203
D8604,80000D86040U
D8614,84000D861401
D8616,80000D86160C
D8618,84000D861810
D8620,80000D862005
D8624,80000D86240L
D8626,84000D862601
D8632,80000D863220
D8638,84000D863804
D8640,80000D864001
D8643,80000D864301
D8653,80000D865309
D8654,8c000D865408
D8657,80000D86570B
D8661,80000D86610C
D8662,8c000D866210
D8665,80000D866508
D8669,80000D866904
D8670,8c000D86700T
D8673,80000D867307
D8674,8c000D86740H
D8677,80000D867708
D8678,8c000D867809
D8681,80000D86810R
D8682,8c000D868208
D8685,80000D868509
D8688,84000D868800
D8690,8c000D86900D
D8693,80000D86930C
D8694,8c000D86940A
D8695,8c000D869501
D8696,84000D869602
D8698,8c000D869808
D8699,8c000D869901
D871,760000D87101
D872,840000D87201
D875,760000D87501
D876,840000D87601
D8704,8c000D870408
D8706,84000D870604
D8708,8c000D87080B
D8711,80000D871110
D8712,8c000D87120A
D8715,80000D87150A
D8716,8c000D87160G
D8718,84000D871801
D8720,8c000D872013
D8723,80000D872316
D8724,8c000D87240B
D8727,80000D872705
D8728,8c000D872808
D8732,8c000D873208
D8734,84000D873400
D8736,8c000D87360C
D8740,8c000D87400B
D8743,80000D874305
D8744,8c000D874401
D8748,8c000D87480B
D8752,8c000D875205
D8756,8c000D875600
D8758,84000D875801
D8763,80000D876305
D8764,8c000D876403
D8767,80000D876705
D8768,8c000D876808
D8773,80000D877306
D8774,8c000D877404
D8777,80000D877709
D8778,8c000D877808
D8781,80000D878108
D8782,8c000D878206
D8785,80000D878504
D8786,8c000D87860A
D8789,80000D878909
D8790,8c000D879009
D8793,80000D879305
D8794,8c000D87940A
D8797,80000D879705
D8798,8c000D879805
D887,800000D88701
D888,8L0000D88801
D8801,92000D88010M
D8802,93000D88020B
D8803,92000D880305
D8804,93000D88040H
D8805,92000D88050I
D8806,93000D880606
D8807,92000D880706
D8808,93000D88080C
D8811,92000D88110A
D8812,93000D88120R
D8813,92000D881309
D8881,8d000D888101
D8883,4t000D888301
D8885,8d000D888510
D8887,4u000D888700
D891,240000D89102
D892,470000D89202
D8912,8d000D891210
D8913,8d000D891310
D8914,8d000D891410
D8915,8d000D891512
D8916,8d000D891601
D8917,8d000D891710
D8918,8d000D891810
D8923,8d000D892302
D8924,8d000D892402
D8925,8d000D892500
D8931,8d000D893102
D8933,87000D893301
D8935,8d000D893510
D8937,87000D893710
D8941,87000D894120
D8942,8d000D893901
D8943,85000D894300
D8945,87000D894500
D8971,88000D897101
D8972,88000D897201
D8973,88000D897301
D8974,88000D897401
D8975,88000D897501
D8976,88000D897601
D8977,88000D897701
D8978,88000D897801
D8979,88000D897901
D8980,88000D898001
D901,240000D9011B
D902,6i0000D9020W
D903,240000D9031A
D904,6i0000D9040X
D907,5l0000D907G0
D908,6i0000D9080W
D909,240000D9090V
D910,6i0000D9100A
D9103,80000D91033G
D9104,8c000D91043D
D9107,80000D91073E
D9108,8c000D910828
D9131,01000D91310D
D9133,01000D91330D
D9134,04000D91340H
D9135,01000D91350I
D9136,04000D91360I
D9139,0h000D913907
D9140,04000D914007
D9156,04000D915603
D9167,0h000D916703
D9168,03000D916804
D9177,0h000D917708
D9178,04000D917808
D9181,57000D918120
D9182,58000D91820A
D921,240000D9212I
D922,6k0000D92207
D923,240000D9231A
D924,6e0000D9240O
D927,240000D92719
D928,6i0000D9280D
D9207,27000D920721
D9208,27000D920831
D9215,27000D921511
D9216,27000D921611
D9241,28000D924124
D9244,27000D924404
D9245,28000D924573
D9248,27000D924833
D9249,28000D924903
D9271,24000D92710S
D9272,24000D92720S
D9273,24000D927308
D9274,24000D927409
D9275,24000D92750S
D9276,24000D92760R
D9277,24000D92770W
D9278,24000D92780S
D9279,24000D92790U
D9280,24000D92800U
D9285,39000D92850E
D9286,42000D928609
D9289,39000D92890L
D9290,42000D92900N
D9293,39000D92930D
D9294,3h000D92940B
D9299,3h000D929905
D930,800000D9300U
D931,5l0000D93105
D933,700000D93305
D935,5l0000D935F8
D937,6c0000D9370Z
D939,240000D93914
D9300,39000D930005
D9305,39000D93050I
D9306,42000D93060G
D9307,39000D93070Z
D9308,42000D93080X
D9321,39000D932109
D9322,42000D932209
D9323,39000D93230B
D9324,42000D93240L
D9326,4e000D93260X
D9328,42000D93280Y
D9335,39000D933504
D9336,42000D933605
D9337,39000D933706
D9338,42000D933806
D9345,39000D934508
D9346,42000D934608
D9347,39000D93470A
D9348,42000D934809
D9359,3h000D935905
D9360,39000D936005
D9371,9c000D937108
D9372,93000D937208
D9373,9c000D937310
D9374,93000D937410
D9391,4f000D939110
D9392,4g000D939210
D9393,4f000D93931E
D9394,4g000D93941D
D9395,4f000D93951E
D9396,4g000D93961A
D9397,4f000D93972P
D9398,4g000D93981K
D941,5l0000D94102
D942,6e0000D9420G
D9405,4f000D940518
D9406,4g000D940608
D9411,4f000D941128
D9412,4j000D94120D
D9413,4f000D94133D
D9414,4j000D94140E
D9415,4f000D94151K
D9416,4j000D94160H
D9417,4f000D94170U
D9418,4j000D94180H
D9419,4f000D94190Y
D9420,4j000D94200H
D9437,49000D94360G
D9446,49000D944602
D9447,47000D94470B
D9448,49000D94480B
D9452,49000D94520Y
D9453,47000D945320
D9454,49000D945404
D9455,4p000D945530
D9456,49000D945630
D9457,49000D945702
D9458,49000D945831
D9463,4q000D94631F
D9481,5l000D948160
D9482,55000D9482F0
D9486,5f000D9486F1
D9488,54000D9488L1
D9490,5i000D949020
D9493,5i000D949320
D9494,56000D949410
D9497,54000D949761
D9498,5f000D9498F1
D952,550000D95232
D954,760000D95405
D956,550000D956A0
D958,770000D9580F
D959,5n0000D9590D
D9509,5i000D950910
D9510,56000D951010
D9511,5l000D9511W0
D9512,54000D9512U0
D9513,5l000D9513V0
D9514,54000D9514R0
D9515,5l000D951573
D9516,54000D9516Z1
D9517,5l000D951723
D9518,54000D951815
D9519,5l000D951915
D9520,54000D952015
D9521,56000D952110
D9522,52000D952210
D9523,56000D952310
D9524,52000D952410
D9525,56000D952520
D9526,52000D952610
D9527,56000D952710
D9528,52000D952810
D9529,56000D952902
D9530,56000D953002
D9555,48000D955550
D9556,55000D955690
D9557,48000D955730
D9558,5l000D955860
D9573,5l000D957350
D9574,55000D957440
D9576,5l000D957610
D9577,48000D9577H1
D9578,54000D957821
D9590,5n000D95900O
D9592,4z000D95920P
D9593,57000D959326
D9594,58000D95944A
D9601,58000D96014N
D9602,4z000D96020E
D9618,58000D96184O
D9620,4z000D962002
D9631,71000D963160
D9632,71000D963220
D9636,73000D963606
D9639,71000D96390G
D9640,71000D964006
D9641,71000D96410S
D9642,71000D96420R
D9643,71000D96430O
D9644,71000D96440M
D9645,71000D96450T
D9646,71000D96460I
D9647,71000D96470Q
D9648,71000D96480X
D9649,71000D96490N
D9650,71000D96500A
D9653,71000D96530C
D9655,71000D96550Q
D9656,73000D96560C
D9657,71000D96570N
D9658,73000D965808
D9665,71000D96650Q
D9666,71000D966640
D9673,71000D96730I
D9674,71000D96740H
D9677,71000D96770H
D9678,71000D967850
D9681,71000D96810K
D9682,71000D96820H
D9683,71000D96830T
D9684,71000D96840Q
D9687,71000D96870M
D9690,73000D96900A
D9692,71000D969230
D9694,71000D96940G
D9695,71000D96950D
D9696,71000D969620
D9700,71000D970005
D9707,70000D970706
D9708,6c000D970806
D9736,6i000D97360U
D9738,6i000D97380V
D9749,60000D974902
D9750,6c000D97500J
D9801,8d000D980131
D9802,8d000D980232
D9803,8d000D980333
D9804,8d000D980423
D9807,8d000D980723
D9808,8d000D980833
D9809,8d000D980910
D9810,8d000D981010
D9811,0h000D98110A
D9812,03000D98120B
D9817,01000D981708
D9818,03000D981805
D9821,01000D982120
D9841,80000D98410H
D9842,80000D98420H
D9843,80000D98430O
D9844,80000D98440O
D9845,80000D98450D
D9846,80000D98460D
D9849,80000D98490B
D9850,8c000D98500B
D9853,80000D98530C
D9854,8c000D98540B
D9857,80000D98570K
D9858,8c000D98580L
D9871,5y000D987113
D9872,57000D98722H
D9881,57000D98810E
D9911,88000D991103
D9912,88000D991203
D9913,88000D991302
D9914,88000D991402
D9915,88000D991515
D9916,88000D991624
D9917,88000D99171D
D9918,88000D99181D
D9969,5n000D996920
D9970,58000D99704H
D9977,5u000D99770Q
D9981,5u000D998108
D9985,5u000D998520
D9989,58000D998905
D9990,4z000D999005
